site,variable,CLM-CRUJRA,CLM-GSWP3,CLM-Princeton,ISBA-CTRIP-CRUJRA,ISBA-CTRIP-GSWP3,ISBA-CTRIP-Princeton,JSBACH-CRUJRA,JSBACH-GSWP3,JSBACH-Princeton
AR-SLu,hfls,33.551,29.746,24.782,36.248,39.056,37.275,36.475,35.634,35.717
AR-Vir,hfls,40.437,44.337,47.009,40.73,42.182,42.72,44.024,56.828,46.08
AT-Neu,hfls,12.887,10.571,13.129,20.17,13.44,18.545,44.612,27.152,34.048
AU-ASM,hfls,17.481,16.492,23.847,19.569,15.896,25.944,24.093,17.086,27.452
AU-Ade,hfls,44.301,48.079,43.18,34.649,40.529,36.588,57.66,52.745,55.289
AU-Cpr,hfls,15.991,16.189,17.243,13.416,15.057,16.648,13.075,15.313,15.507
AU-Cum,hfls,25.757,27.011,25.52,25.817,24.669,26.252,30.425,27.031,26.518
AU-DaP,hfls,33.947,34.031,35.89,33.332,33.805,36.159,55.443,49.294,50.374
AU-DaS,hfls,13.891,20.467,18.463,27.285,28.746,29.847,57.37,50.231,54.64
AU-Dry,hfls,29.08,27.741,21.728,31.403,33.511,27.274,52.101,54.651,47.16
AU-Emr,hfls,28.08,27.897,23.811,35.193,40.874,29.498,45.573,44.588,40.796
AU-Fog,hfls,40.661,36.246,42.883,62.69,59.138,61.952,,,
AU-GWW,hfls,5.7105,6.9659,,14.11,11.492,,11.427,9.6434,17.957
AU-Gin,hfls,24.365,20.774,28.363,16.085,10.929,21.103,26.829,25.262,27.31
AU-How,hfls,26.291,30.115,30.848,34.392,34.846,35.677,,,
AU-Lox,hfls,76.66,77.142,77.875,77.79,79.889,78.949,79.924,80.613,80.695
AU-RDF,hfls,38.137,36.33,31.165,43.783,41.722,40.052,82.603,65.162,60.04
AU-Rig,hfls,34.656,33.701,34.887,39.728,38.019,39.076,29.722,36.113,38.006
AU-Rob,hfls,,,,41.033,46.316,,,,
AU-Stp,hfls,27.115,26.063,27.831,23.275,19.128,21.787,31.874,27.145,23.898
AU-TTE,hfls,16.908,16.351,22.537,22.117,17.826,29.321,24.183,17.644,29.371
AU-Tum,hfls,27.696,27.186,31.85,25.103,27.501,25.233,37.256,29.728,37.392
AU-Wac,hfls,24.576,23.134,24.499,23.135,21.71,21.921,31.317,26.896,29.549
AU-Whr,hfls,28.891,27.237,33.587,26.589,29.914,33.677,20.287,18.352,22.541
AU-Wom,hfls,27.332,24.243,29.514,22.891,19.433,19.158,34.195,31.69,30.869
AU-Ync,hfls,26.812,26.371,24.498,19.209,21.039,24.823,18.243,19.242,22.833
BE-Bra,hfls,22.668,22.884,20.143,32.809,36.869,27.939,,,
BE-Lon,hfls,18.745,15.791,13.013,26.567,30.072,20.171,36.71,37.321,33.852
BE-Vie,hfls,24.3,16.491,14.256,31.564,26.521,24.327,50.567,45.382,48.165
BR-Sa1,hfls,18.198,18.448,22.422,24.191,40.259,25.54,44.889,62.21,35.495
BR-Sa3,hfls,11.828,14.104,18.66,18.348,37.803,23.218,40.038,68.029,31.57
CA-Gro,hfls,12.563,13.718,12.792,21.47,23.083,13.369,30.252,30.582,29.991
CA-Man,hfls,15.38,20.2,9.8454,11.243,16.202,9.6092,19.246,20.133,16.276
CA-NS1,hfls,25.717,28.948,22.189,22.902,26.843,22.957,28.189,29.559,25.281
CA-NS2,hfls,23.198,27.376,18.627,19.081,23.987,18.679,27.09,28.047,23.372
CA-NS3,hfls,20.108,23.861,14.809,15.566,20.761,14.985,26.566,26.946,23.329
CA-NS4,hfls,30.001,34.32,22.995,23.374,28.9,21.186,35.521,36.668,33.951
CA-NS5,hfls,20.501,24.492,16.038,16.128,21.432,15.773,24.676,25.988,20.814
CA-NS6,hfls,25.618,29.861,18.947,19.992,25.785,18.522,30.324,30.357,26.813
CA-NS7,hfls,20.671,23.979,15.988,21.883,28.714,19.269,20.833,27.436,16.502
CA-Oas,hfls,17.544,18.928,14.183,17.301,17.074,12.438,20.582,19.32,18.098
CA-Obs,hfls,17.15,19.446,15.497,19.201,19.465,17.099,22.842,26.413,19.345
CA-Qfo,hfls,16.944,17.82,9.0503,24.68,29.536,11.343,46.136,40.085,34.078
CA-SF1,hfls,25.59,25.685,27.614,28.011,28.04,27.766,27.431,29.935,25.338
CA-SF2,hfls,29.68,29.714,30.226,32.114,33.601,31.719,30.451,31.476,29.455
CA-SF3,hfls,14.378,15.748,12.034,13.64,14.805,12.321,18.586,19.73,16.048
CA-TP1,hfls,30.614,30.649,29.7,35.694,39.227,30.948,58.715,67.555,56.929
CA-TP2,hfls,42.659,44.606,43.115,40.218,40.786,41.729,37.488,35.813,35.14
CA-TP3,hfls,20.193,21.399,20.695,23.881,27.794,21.195,48.555,55.221,46.155
CA-TP4,hfls,19.12,19.277,19.017,24.954,28.661,22.235,51.638,56.408,48.677
CA-TPD,hfls,21.997,21.15,20.685,33.385,33.764,23.71,57.417,61.201,52.766
CG-Tch,hfls,45.246,46.578,38.107,36.178,32.863,35.584,,,
CH-Cha,hfls,24.158,31.933,29.469,27.591,31.472,35.291,28.435,27.178,27.854
CH-Dav,hfls,18.737,18.031,18.479,25.575,18.45,23.322,53.083,41.379,43.369
CH-Fru,hfls,32.905,30.399,33.564,26.053,28.435,32.491,37.139,28.235,29.257
CH-Lae,hfls,22.748,31.884,28.887,21.815,27.834,31.785,23.906,20.094,23.216
CH-Oe1,hfls,12.803,13.609,12.924,15.32,14.896,13.335,34.247,28.978,31.265
CH-Oe2,hfls,19.752,23.021,20.485,20.519,24.132,21.75,28.625,26.926,27.997
CN-Cha,hfls,11.881,12.495,7.5307,14.8,19.387,13.569,31.098,34.881,37.857
CN-Cng,hfls,18.197,15.259,18.476,14.757,13.896,15.433,13.122,10.899,15.91
CN-Dan,hfls,11.62,21.18,19.482,23.852,19.326,21.767,20.138,18.48,24.544
CN-Din,hfls,33.361,21.639,15.594,49.124,33.605,24.992,73.701,48.88,55.128
CN-Du2,hfls,10.57,13.571,15.264,10.234,11.119,11.873,11.378,9.3988,12.425
CN-Du3,hfls,45.264,45.252,44.816,43.576,42.988,44.956,43.851,43.809,44.199
CN-Ha2,hfls,29.67,12.207,32.905,22.099,14.03,27.188,35.185,27.262,36.816
CN-HaM,hfls,13.722,10.554,15.72,9.3942,10.204,11.514,19.634,12.728,20.634
CN-Qia,hfls,20.35,15.366,14.223,40.179,23.968,20.055,66.014,46.734,53.673
CN-Sw2,hfls,21.85,22.236,22.072,31.836,37.767,32.123,28.134,27.823,27.02
CZ-BK1,hfls,27.508,22.72,20.433,36.089,34.987,32.71,49.956,50.877,48.933
CZ-BK2,hfls,35.909,31.252,26.736,45.43,45.261,40.505,57.219,60.465,57.328
CZ-wet,hfls,16.733,15.542,15.509,19.263,17.916,14.555,20.534,24.99,18.552
DE-Akm,hfls,22.024,20.389,24.816,25.009,28.367,27.518,27.323,33.445,28.213
DE-Geb,hfls,15.437,14.118,11.29,17.684,20.614,13.8,25.831,35.02,25.119
DE-Gri,hfls,18.075,16.373,11.757,22.726,25.232,17.802,24.386,38.065,23.586
DE-Hai,hfls,26.48,22.38,22.342,26.998,26.07,22.622,33.243,41.839,32.954
DE-Kli,hfls,23.635,22.711,17.989,29.028,32.221,25.748,27.087,42.453,25.948
DE-Lkb,hfls,22.63,20.928,20.912,21.14,23.854,19.868,26.919,34.156,23.616
DE-Lnf,hfls,32.313,27.301,26.944,33.966,31.86,27.988,36.795,47.312,35.933
DE-Obe,hfls,18.813,18.15,15.042,22.204,25.949,17.231,23.517,37.089,22.912
DE-RuR,hfls,16.163,16.698,22.527,13.711,15.342,17.064,23.934,23.633,23.653
DE-RuS,hfls,18.85,22.339,29.292,15.256,17.474,23.667,19.875,19.304,22.006
DE-Seh,hfls,19.492,20.582,21.909,17.069,20.271,17.317,23.333,25.504,20.402
DE-SfN,hfls,31.054,33.947,53.129,33.734,32.743,49.841,46.156,38.43,39.547
DE-Spw,hfls,14.35,14.84,14.988,16.094,19.362,14.965,23.285,33.864,22.28
DE-Tha,hfls,19.782,18.289,15.112,21.345,24.805,17.884,21.189,35.54,20.652
DE-Zrk,hfls,35.619,34.719,,33.679,37.178,,33.018,31.86,33.837
DK-Eng,hfls,23.473,20.274,20.896,23.554,20.71,21.355,,,
DK-Fou,hfls,37.487,40.41,33.824,40.914,53.401,39.463,54.763,56.977,50.709
DK-Sor,hfls,13.786,13.488,13.164,18.548,19.916,14.544,32.67,33.299,25.348
ES-Amo,hfls,28.239,25.311,28.547,26.663,21.998,24.225,,,
ES-LJu,hfls,18.782,16.155,18.29,21.225,18.353,18.991,,,
ES-LgS,hfls,18.472,17.881,18.131,25.722,23.015,23.961,,,
ES-Ln2,hfls,27.228,35.095,26.839,19.309,17.013,18.76,,,
FI-Hyy,hfls,10.417,11.039,8.6009,9.4893,12.588,8.0305,18.817,20.14,16.868
FI-Jok,hfls,20.703,21.922,20.692,20.711,24.324,20.01,31.216,31.376,32.221
FI-Let,hfls,17.454,18.094,16.688,17.742,19.494,17.313,25.408,23.858,24.11
FI-Lom,hfls,9.5836,9.898,8.0255,10.543,10.555,6.5453,11.12,16.335,11.139
FI-Sod,hfls,11.291,13.175,9.2865,14.525,14.123,8.8321,7.2361,12.2,13.181
FR-Fon,hfls,19.998,17.973,23.543,20.894,16.627,15.815,26.587,23.303,28.098
FR-Gri,hfls,20.194,22.234,22.714,20.889,23.33,21.614,25.138,29.081,24.926
FR-LBr,hfls,18.294,15.192,14.739,32.4,17.745,25.02,25.254,26.43,21.289
FR-Pue,hfls,26.716,21.57,23.219,28.686,27.675,24.325,29.743,25.001,38.021
GF-Guy,hfls,19.459,20.045,19.461,29.811,26.004,23.588,50.109,60.422,62.277
GH-Ank,hfls,37.351,38.127,12.967,48.25,52.037,25.947,,,
GL-NuF,hfls,14.172,16.809,11.881,17.234,13.11,13.852,17.725,19.259,15.507
GL-ZaF,hfls,8.0656,9.398,6.3605,11.832,13.446,9.7863,,,
GL-ZaH,hfls,10.366,11.478,7.3174,12.623,15.17,10.794,,,
IT-BCi,hfls,31.901,32.242,30.41,31.675,34.397,34.0,,,
IT-CA1,hfls,34.026,31.306,32.668,27.892,26.85,33.815,,,
IT-CA2,hfls,21.236,25.48,21.529,18.668,21.924,21.679,,,
IT-CA3,hfls,35.281,34.064,31.434,31.921,30.605,36.088,,,
IT-Col,hfls,28.305,28.891,27.885,38.26,34.844,38.678,38.056,33.612,38.463
IT-Cp2,hfls,24.204,29.78,26.699,26.944,26.984,24.607,29.592,31.968,27.181
IT-Cpz,hfls,26.118,27.067,23.717,23.348,20.665,23.755,28.465,27.43,28.592
IT-Isp,hfls,12.608,15.869,,28.051,23.144,,45.337,34.908,41.273
IT-La2,hfls,26.711,29.048,22.837,36.465,37.059,30.239,45.263,38.666,39.726
IT-Lav,hfls,16.3,16.859,16.068,21.632,23.866,15.848,28.59,25.099,22.363
IT-MBo,hfls,11.6,12.435,10.597,26.089,24.859,16.956,32.175,26.689,29.068
IT-Noe,hfls,20.475,26.3,19.156,17.642,25.62,17.898,,,
IT-PT1,hfls,17.655,19.776,15.79,25.342,21.036,17.122,41.528,33.648,37.936
IT-Ren,hfls,24.447,25.39,26.933,27.837,25.642,28.785,42.547,37.313,40.613
IT-Ro1,hfls,19.633,20.108,16.763,28.292,20.935,21.945,,,
IT-Ro2,hfls,26.915,26.838,24.276,34.945,30.131,30.157,,,
IT-SR2,hfls,18.886,19.007,,20.384,24.45,,,,
IT-SRo,hfls,19.678,18.056,19.127,19.181,17.111,18.472,,,
IT-Tor,hfls,23.932,23.51,26.213,28.193,25.292,26.115,48.473,32.284,46.447
JP-MBF,hfls,34.875,36.214,34.097,35.504,34.827,35.161,42.077,39.643,49.602
JP-SMF,hfls,18.99,19.849,22.033,24.481,18.366,15.01,52.828,54.48,64.948
MY-PSO,hfls,15.014,14.56,28.408,23.055,29.763,12.427,40.615,60.74,35.204
NL-Hor,hfls,27.303,28.88,26.447,31.833,36.725,31.024,,,
NL-Loo,hfls,14.452,14.988,15.672,16.487,20.298,14.906,24.226,25.944,21.852
PA-SPn,hfls,29.289,24.268,26.168,33.203,26.725,26.211,88.319,84.892,72.711
PA-SPs,hfls,43.957,35.767,28.477,54.774,41.3,32.585,111.72,105.13,95.919
RU-Che,hfls,17.14,24.681,16.549,17.23,25.194,15.68,14.452,20.806,13.635
RU-Cok,hfls,19.984,23.567,15.581,19.797,22.152,15.534,19.186,21.625,17.73
RU-Fyo,hfls,17.576,17.061,17.184,18.217,20.894,18.844,34.857,33.093,34.524
RU-Ha1,hfls,26.252,26.919,27.524,25.742,25.443,25.316,23.814,28.068,23.06
SD-Dem,hfls,34.948,35.852,35.523,36.518,36.023,36.52,37.631,39.431,37.807
SJ-Adv,hfls,18.925,12.886,9.2852,12.306,11.672,7.8048,31.656,14.211,12.985
SJ-Blv,hfls,17.822,9.3922,7.5136,9.1666,7.2068,7.9375,30.321,13.525,11.804
SN-Dhr,hfls,63.008,67.63,72.93,61.156,62.814,71.179,61.858,63.963,61.968
US-AR1,hfls,22.42,21.041,23.802,23.021,21.127,18.909,26.855,24.713,27.499
US-AR2,hfls,19.581,21.391,18.019,22.702,27.113,25.207,23.594,25.802,22.548
US-ARM,hfls,27.73,25.337,25.565,41.281,44.939,40.522,37.145,41.062,35.047
US-ARb,hfls,15.999,13.838,19.816,16.532,16.638,21.849,20.359,20.516,22.491
US-ARc,hfls,18.869,17.123,23.092,18.807,17.289,23.68,21.959,20.805,24.003
US-Atq,hfls,11.932,11.717,12.155,10.396,11.163,12.54,17.912,13.753,16.073
US-Blo,hfls,40.717,39.684,40.944,46.661,46.602,45.562,52.886,48.073,55.85
US-CRT,hfls,23.481,27.288,26.307,27.553,26.949,22.075,36.193,35.48,30.874
US-Cop,hfls,11.424,11.444,12.296,14.117,15.623,14.66,19.023,18.26,16.838
US-GBT,hfls,29.858,30.06,29.274,30.361,34.77,33.573,33.58,36.735,34.102
US-GLE,hfls,27.364,28.189,27.771,27.803,32.772,33.057,30.483,34.737,31.392
US-Goo,hfls,23.627,25.353,22.501,37.12,39.758,27.529,62.673,58.09,53.771
US-Ha1,hfls,21.734,24.018,19.088,28.536,33.762,25.281,63.362,57.2,66.412
US-IB2,hfls,16.998,18.975,17.636,28.767,29.288,20.49,38.177,38.49,32.013
US-Ivo,hfls,11.884,14.236,8.9945,8.9392,8.5414,9.1981,12.105,11.163,10.3
US-KS1,hfls,19.711,23.807,15.053,42.785,46.661,41.728,,,
US-KS2,hfls,13.167,14.579,14.437,33.976,33.184,30.93,,,
US-LWW,hfls,21.48,20.867,21.125,29.419,37.856,31.642,42.248,48.41,42.713
US-Lin,hfls,27.774,35.237,27.591,20.066,21.853,22.13,28.735,26.687,28.578
US-Los,hfls,32.749,38.128,35.733,40.645,47.373,40.214,50.005,63.933,49.216
US-Me1,hfls,31.529,28.478,34.157,26.697,27.173,28.792,30.467,38.358,27.945
US-Me2,hfls,14.45,26.097,16.059,21.273,27.03,25.58,23.985,28.591,23.348
US-Me3,hfls,15.186,12.186,19.747,8.8151,12.678,11.619,26.442,34.323,25.446
US-Me4,hfls,35.937,24.813,40.632,27.889,24.095,25.171,49.891,56.562,47.999
US-Me5,hfls,11.942,11.585,14.247,10.269,15.227,13.208,25.83,30.713,24.677
US-Me6,hfls,14.874,13.793,14.469,6.984,11.073,11.128,25.532,31.324,26.551
US-Myb,hfls,94.116,92.158,102.51,95.659,93.529,100.28,101.33,104.31,103.36
US-NR1,hfls,23.526,23.799,22.464,22.442,24.965,24.514,25.654,26.289,27.367
US-Ne1,hfls,28.232,27.903,25.872,35.981,34.746,33.235,42.884,39.396,36.949
US-Ne2,hfls,31.62,31.126,27.016,37.217,36.355,33.448,42.966,40.45,36.685
US-Ne3,hfls,29.395,29.036,28.383,35.196,34.233,33.105,40.612,40.255,35.554
US-ORv,hfls,10.841,11.143,7.7784,29.754,30.653,17.677,55.626,52.09,49.771
US-Oho,hfls,12.467,10.383,14.441,28.974,26.59,22.76,40.275,37.816,36.571
US-PFa,hfls,18.477,24.352,21.53,27.351,34.739,26.352,37.37,51.308,36.74
US-Prr,hfls,10.358,23.476,10.798,13.441,29.089,13.043,19.237,29.561,15.112
US-SRC,hfls,19.25,19.088,14.862,23.396,20.539,15.136,19.167,17.843,19.208
US-SRG,hfls,13.337,20.304,15.024,11.312,20.332,15.842,18.988,21.332,21.647
US-SRM,hfls,12.077,16.81,13.957,11.307,15.76,14.285,15.01,15.656,17.431
US-Sta,hfls,23.682,23.468,24.209,21.557,22.06,23.427,24.499,21.569,24.042
US-Syv,hfls,33.787,36.164,36.587,37.794,38.383,39.625,40.688,56.977,40.07
US-Ton,hfls,14.89,17.602,15.011,9.9882,11.114,10.93,22.472,27.535,31.832
US-Tw1,hfls,102.34,100.27,133.91,102.5,100.6,132.38,107.24,108.62,107.51
US-Tw2,hfls,39.552,38.624,46.867,34.261,35.104,40.875,40.159,43.199,47.677
US-Tw3,hfls,64.367,61.338,,65.879,61.036,,69.483,71.064,59.004
US-Tw4,hfls,53.888,53.866,,56.211,57.001,,62.522,65.577,72.768
US-Twt,hfls,79.416,77.561,81.947,78.475,77.984,76.447,84.782,89.019,88.845
US-UMB,hfls,20.097,15.743,16.791,26.144,18.588,15.761,30.027,29.79,30.164
US-UMd,hfls,24.745,21.648,22.711,28.977,21.415,20.708,32.647,34.022,33.697
US-Var,hfls,25.494,28.563,23.951,18.09,18.775,19.412,24.525,27.407,30.476
US-WCr,hfls,26.765,32.017,30.661,34.95,41.732,34.928,44.856,57.811,42.764
US-WPT,hfls,19.435,19.104,22.874,21.478,20.691,17.545,34.765,29.951,29.75
US-Whs,hfls,11.956,13.789,15.505,13.21,15.215,13.909,14.79,14.337,18.162
US-Wi0,hfls,14.691,19.352,13.926,19.603,29.827,22.959,45.565,64.213,45.652
US-Wi1,hfls,22.955,23.521,21.137,26.24,28.78,21.953,23.48,32.36,25.331
US-Wi2,hfls,28.741,34.42,29.317,29.871,31.485,29.339,28.607,39.209,33.094
US-Wi3,hfls,20.159,21.654,19.131,23.216,28.743,21.881,26.489,36.05,26.245
US-Wi4,hfls,18.913,23.47,19.915,20.17,25.344,22.257,27.195,36.356,28.908
US-Wi5,hfls,19.562,23.797,15.885,21.75,27.861,18.396,34.788,39.602,34.277
US-Wi6,hfls,26.862,33.378,25.78,30.908,36.528,30.911,44.596,64.997,44.941
US-Wi7,hfls,22.1,26.89,22.467,25.194,27.375,24.797,37.755,42.076,36.066
US-Wi8,hfls,20.961,27.286,20.447,27.461,37.63,30.936,33.432,49.323,36.663
US-Wi9,hfls,25.037,29.617,24.851,25.103,28.931,25.283,33.688,50.065,34.893
US-Wkg,hfls,11.043,14.177,14.246,13.288,16.744,12.829,15.231,15.823,17.643
ZM-Mon,hfls,39.137,41.285,39.64,58.2,62.485,60.895,64.749,55.75,59.657
AR-SLu,hfss,36.096,47.491,47.841,27.841,37.744,37.091,33.457,33.178,37.637
AR-Vir,hfss,63.368,51.937,53.357,60.42,47.416,52.531,38.709,37.328,39.003
AT-Neu,hfss,34.084,41.668,43.168,30.216,50.897,42.181,10.505,20.118,18.248
AU-ASM,hfss,18.255,22.48,24.918,14.917,17.074,21.06,20.831,17.354,26.292
AU-Ade,hfss,27.537,32.958,31.467,33.981,36.711,30.482,44.646,49.905,48.424
AU-Cpr,hfss,20.028,21.199,24.591,27.264,23.07,25.94,23.811,22.62,27.096
AU-Cum,hfss,25.467,29.778,42.388,29.776,24.673,37.48,38.653,28.198,38.74
AU-DaP,hfss,26.866,25.156,25.651,30.776,31.572,29.158,36.706,41.01,40.291
AU-DaS,hfss,13.121,15.218,16.685,30.712,29.469,24.411,46.127,50.131,49.558
AU-Dry,hfss,18.788,21.268,23.475,29.285,31.049,24.249,40.671,49.472,38.465
AU-Emr,hfss,19.283,14.336,16.569,32.142,22.367,22.07,29.33,22.693,23.911
AU-Fog,hfss,28.139,23.622,27.467,52.046,55.351,48.239,,,
AU-GWW,hfss,22.649,14.945,,26.124,20.605,,23.641,23.066,27.448
AU-Gin,hfss,28.626,31.158,44.591,30.043,29.634,36.399,36.684,35.592,42.241
AU-How,hfss,20.057,20.912,25.795,41.648,45.424,41.48,,,
AU-Lox,hfss,78.38,70.19,66.101,92.996,89.922,82.089,73.815,80.808,68.101
AU-RDF,hfss,16.108,16.852,19.949,34.241,34.054,31.424,63.388,57.433,53.129
AU-Rig,hfss,23.388,21.791,22.784,20.335,22.608,19.335,20.38,19.219,23.445
AU-Rob,hfss,,,,20.765,24.876,,,,
AU-Stp,hfss,15.712,17.193,21.624,20.627,19.145,14.992,23.241,26.472,23.012
AU-TTE,hfss,16.838,21.081,23.695,13.995,16.137,16.419,16.401,16.325,26.517
AU-Tum,hfss,28.482,24.393,26.081,28.201,29.412,22.488,36.061,29.831,39.286
AU-Wac,hfss,35.12,28.053,20.29,36.652,31.52,23.446,42.756,37.529,32.856
AU-Whr,hfss,48.408,48.642,73.027,51.441,53.439,80.846,51.306,47.337,56.338
AU-Wom,hfss,27.269,23.915,20.533,31.652,23.768,21.111,28.763,25.087,24.646
AU-Ync,hfss,38.738,42.718,65.353,38.19,40.202,60.574,46.962,41.475,47.415
BE-Bra,hfss,23.318,18.983,18.004,18.736,21.421,19.748,,,
BE-Lon,hfss,27.306,13.321,13.903,21.869,14.075,14.001,17.291,22.901,22.982
BE-Vie,hfss,18.051,20.309,19.197,17.766,20.934,20.512,26.525,34.199,38.118
BR-Sa1,hfss,21.975,11.85,23.528,7.8788,23.995,27.858,20.225,46.972,20.17
BR-Sa3,hfss,25.156,13.683,25.522,9.8494,23.142,30.231,18.025,53.164,18.117
CA-Gro,hfss,29.416,19.506,23.618,21.277,20.12,17.792,24.113,21.149,28.871
CA-Man,hfss,19.402,23.076,18.184,22.125,22.963,19.487,25.9,24.087,27.183
CA-NS1,hfss,19.193,20.948,18.415,23.904,20.731,19.29,25.17,22.835,26.166
CA-NS2,hfss,19.254,20.838,18.772,21.038,17.966,16.253,25.806,22.664,27.332
CA-NS3,hfss,14.74,16.031,13.197,19.423,15.159,13.563,23.919,21.016,24.589
CA-NS4,hfss,24.439,19.985,20.138,30.099,24.747,25.781,22.865,25.563,21.808
CA-NS5,hfss,17.465,12.738,12.873,23.449,14.84,15.693,20.669,18.065,20.027
CA-NS6,hfss,25.265,19.337,20.667,30.091,22.013,23.967,21.543,19.549,19.162
CA-NS7,hfss,27.99,30.777,28.903,26.256,27.458,25.478,33.356,31.915,31.611
CA-Oas,hfss,25.194,24.422,24.101,29.879,18.47,21.797,24.741,19.284,23.118
CA-Obs,hfss,23.479,25.253,23.121,23.314,24.128,22.217,31.107,34.602,30.372
CA-Qfo,hfss,20.391,13.664,15.048,20.528,21.063,16.461,26.682,30.689,25.409
CA-SF1,hfss,22.417,18.255,18.049,22.753,18.248,17.126,27.903,29.402,29.674
CA-SF2,hfss,21.137,15.709,15.876,23.947,18.706,16.832,23.033,22.13,24.366
CA-SF3,hfss,18.442,15.499,14.331,22.77,20.073,17.771,20.94,20.946,19.729
CA-TP1,hfss,22.044,23.92,21.755,16.583,19.669,16.225,31.382,44.383,32.972
CA-TP2,hfss,31.471,26.885,27.685,33.84,23.823,28.573,26.922,24.577,25.657
CA-TP3,hfss,28.842,30.577,29.413,15.134,20.365,15.874,33.761,48.039,36.466
CA-TP4,hfss,29.819,31.321,29.937,18.015,21.451,18.045,35.174,48.014,37.61
CA-TPD,hfss,21.843,22.312,18.397,15.713,17.837,24.921,30.818,37.462,32.476
CG-Tch,hfss,14.023,13.088,13.835,29.827,50.941,26.787,,,
CH-Cha,hfss,19.947,13.439,17.119,22.347,32.994,37.727,13.6,21.231,19.754
CH-Dav,hfss,25.436,37.693,33.425,22.387,42.46,34.288,21.69,13.25,14.444
CH-Fru,hfss,29.731,32.945,39.32,24.149,33.062,38.823,19.184,15.198,18.417
CH-Lae,hfss,22.257,29.671,23.651,22.63,26.632,27.133,38.731,45.094,40.749
CH-Oe1,hfss,35.264,18.543,22.424,29.485,24.955,24.345,11.359,18.146,16.709
CH-Oe2,hfss,26.927,17.019,18.289,23.578,23.452,22.496,17.135,25.637,22.249
CN-Cha,hfss,27.945,23.276,16.282,28.968,28.534,21.523,13.636,25.014,22.797
CN-Cng,hfss,17.385,15.663,17.768,26.018,24.097,21.236,20.208,17.28,18.502
CN-Dan,hfss,21.377,15.006,14.449,34.321,20.467,17.29,12.941,19.618,17.239
CN-Din,hfss,30.902,8.239,15.519,30.423,11.602,14.058,18.451,25.987,28.902
CN-Du2,hfss,13.539,17.561,12.697,22.293,23.364,22.22,10.568,23.984,15.592
CN-Du3,hfss,18.066,24.393,20.218,34.353,35.216,37.724,26.682,39.423,33.046
CN-Ha2,hfss,25.078,13.9,21.995,30.738,16.438,22.947,20.636,21.184,22.747
CN-HaM,hfss,30.087,23.358,26.93,33.067,28.331,30.742,24.729,35.689,27.527
CN-Qia,hfss,38.661,11.34,21.125,25.703,10.67,12.92,18.198,30.57,30.586
CN-Sw2,hfss,41.187,42.603,36.58,43.433,44.74,44.381,41.426,48.41,37.044
CZ-BK1,hfss,18.359,18.56,15.141,13.425,27.88,21.926,21.871,34.478,33.386
CZ-BK2,hfss,30.839,18.016,17.831,18.905,18.088,15.056,27.376,26.95,29.827
CZ-wet,hfss,17.448,13.276,11.993,16.324,13.531,10.66,21.517,20.655,19.55
DE-Akm,hfss,24.066,16.494,15.291,23.71,15.702,14.225,26.7,28.378,24.822
DE-Geb,hfss,20.299,13.95,12.275,25.819,16.618,13.991,25.142,25.746,20.945
DE-Gri,hfss,30.728,10.435,13.189,27.541,10.588,10.666,33.103,23.084,21.916
DE-Hai,hfss,17.955,16.319,15.175,18.753,14.426,13.3,22.131,27.366,18.562
DE-Kli,hfss,26.384,13.369,12.881,24.113,15.925,13.952,28.132,26.886,19.382
DE-Lkb,hfss,19.861,30.978,25.295,18.461,31.209,25.04,25.156,44.572,35.468
DE-Lnf,hfss,41.985,36.364,36.38,43.064,34.929,36.697,45.173,37.42,37.507
DE-Obe,hfss,17.872,23.047,17.621,16.14,26.465,20.224,23.377,40.152,25.877
DE-RuR,hfss,25.979,18.262,21.381,25.21,16.925,20.703,18.199,24.549,26.969
DE-RuS,hfss,29.666,21.635,22.424,27.988,18.401,20.561,19.429,23.357,27.722
DE-Seh,hfss,28.834,20.951,20.853,27.347,20.515,19.655,20.255,26.527,23.327
DE-SfN,hfss,20.768,23.352,32.977,17.109,31.171,32.778,36.397,31.639,35.673
DE-Spw,hfss,26.79,24.748,28.174,26.868,25.826,28.118,27.387,40.277,29.6
DE-Tha,hfss,14.801,26.512,20.717,12.219,27.663,22.184,18.042,41.514,23.207
DE-Zrk,hfss,25.033,15.412,,23.983,14.75,,28.82,22.628,34.406
DK-Eng,hfss,29.049,23.554,17.912,33.504,29.678,20.722,,,
DK-Fou,hfss,25.684,14.562,12.424,24.014,15.144,11.992,28.258,32.983,25.087
DK-Sor,hfss,33.569,24.417,24.165,34.967,20.776,21.594,35.608,24.224,20.319
ES-Amo,hfss,34.186,27.783,27.607,29.587,22.368,24.011,,,
ES-LJu,hfss,14.613,16.711,16.143,15.051,21.986,20.601,,,
ES-LgS,hfss,25.409,33.025,33.19,24.557,36.266,33.561,,,
ES-Ln2,hfss,39.758,42.901,36.923,42.134,37.647,36.945,,,
FI-Hyy,hfss,14.91,15.094,14.416,17.977,13.213,12.775,13.392,16.38,17.798
FI-Jok,hfss,24.816,19.788,17.748,29.652,19.771,19.144,21.687,20.707,22.726
FI-Let,hfss,24.418,27.263,27.849,23.698,24.663,25.66,27.783,32.214,35.546
FI-Lom,hfss,9.7768,11.556,14.333,16.841,14.669,19.987,21.358,9.0142,20.237
FI-Sod,hfss,22.882,32.335,24.739,19.857,25.075,21.292,21.658,26.906,24.59
FR-Fon,hfss,23.785,14.688,16.167,24.44,18.46,15.747,34.775,24.54,27.134
FR-Gri,hfss,24.031,15.811,16.154,22.186,14.386,13.738,24.495,19.61,18.76
FR-LBr,hfss,20.94,26.946,16.071,20.272,22.848,18.983,22.339,20.039,18.326
FR-Pue,hfss,18.482,18.152,15.361,19.036,17.646,14.738,20.523,13.499,24.541
GF-Guy,hfss,42.021,22.037,26.395,11.452,23.488,22.587,25.767,44.109,48.55
GH-Ank,hfss,17.152,15.777,14.669,15.432,27.511,20.755,,,
GL-NuF,hfss,36.494,32.938,33.126,26.781,27.827,30.098,34.547,32.82,38.909
GL-ZaF,hfss,32.185,20.992,14.0,38.195,24.652,22.521,,,
GL-ZaH,hfss,39.976,31.862,17.144,46.845,34.258,30.654,,,
IT-BCi,hfss,37.971,39.58,33.41,50.87,54.804,50.547,,,
IT-CA1,hfss,25.639,25.577,24.277,24.701,23.976,32.95,,,
IT-CA2,hfss,35.811,35.918,48.986,34.961,36.199,52.978,,,
IT-CA3,hfss,38.66,35.58,32.345,40.089,34.716,45.039,,,
IT-Col,hfss,24.408,23.61,26.714,40.956,37.139,43.857,35.875,32.409,42.732
IT-Cp2,hfss,19.902,24.154,24.498,16.276,14.687,17.477,20.482,19.688,19.486
IT-Cpz,hfss,36.747,36.025,36.374,37.629,40.147,38.653,35.92,34.08,35.607
IT-Isp,hfss,14.364,12.187,,11.449,13.097,,13.743,10.892,16.257
IT-La2,hfss,50.705,57.292,50.444,62.517,71.018,62.539,71.844,65.063,67.132
IT-Lav,hfss,20.61,29.068,20.883,28.289,42.549,30.946,38.952,37.81,29.574
IT-MBo,hfss,37.482,27.693,34.497,29.177,20.356,25.331,27.514,26.983,33.403
IT-Noe,hfss,20.012,24.893,28.114,15.723,21.711,15.853,,,
IT-PT1,hfss,35.302,23.739,31.048,21.248,22.842,21.23,17.358,20.064,25.193
IT-Ren,hfss,37.717,33.305,34.604,36.88,31.426,32.972,41.189,40.757,39.28
IT-Ro1,hfss,18.819,20.153,22.032,30.129,25.764,28.075,,,
IT-Ro2,hfss,32.754,33.097,29.253,46.194,40.015,39.73,,,
IT-SR2,hfss,18.662,19.393,,25.452,23.402,,,,
IT-SRo,hfss,23.438,22.616,21.331,27.327,26.304,28.745,,,
IT-Tor,hfss,18.426,25.135,30.354,18.56,25.417,24.917,29.697,25.31,35.006
JP-MBF,hfss,37.865,32.935,34.751,31.921,33.129,32.853,37.787,35.721,53.725
JP-SMF,hfss,35.856,26.019,27.384,18.79,16.353,17.203,28.457,42.374,54.171
MY-PSO,hfss,9.4391,16.34,10.622,27.777,40.138,17.797,46.989,71.152,48.02
NL-Hor,hfss,31.531,20.604,18.982,23.608,14.111,12.931,,,
NL-Loo,hfss,17.843,18.572,16.262,15.617,18.336,21.033,18.47,32.193,28.91
PA-SPn,hfss,23.394,10.108,13.12,17.17,16.914,17.429,59.162,73.142,72.292
PA-SPs,hfss,28.44,18.562,17.332,21.834,15.37,18.241,59.013,69.232,71.28
RU-Che,hfss,26.81,18.835,23.56,26.128,18.183,26.815,31.931,28.757,32.694
RU-Cok,hfss,22.617,18.738,13.599,22.788,14.916,15.477,27.319,20.593,20.34
RU-Fyo,hfss,20.745,22.225,20.434,19.909,23.473,19.923,28.125,37.662,37.372
RU-Ha1,hfss,25.986,23.9,26.532,21.654,21.308,20.617,21.728,22.035,24.87
SD-Dem,hfss,21.376,14.601,23.958,16.508,24.777,17.204,22.892,19.951,22.692
SJ-Adv,hfss,18.424,17.843,15.763,13.381,15.223,13.566,47.534,24.274,25.634
SJ-Blv,hfss,25.087,9.8832,11.416,15.708,10.878,12.248,42.033,19.974,13.912
SN-Dhr,hfss,22.359,21.797,19.742,38.047,32.147,28.603,33.219,30.653,22.639
US-AR1,hfss,14.023,17.037,18.076,18.477,20.612,20.433,25.962,27.261,33.018
US-AR2,hfss,19.261,21.987,21.553,20.336,24.487,24.9,26.765,29.065,33.414
US-ARM,hfss,22.015,23.514,20.376,23.615,31.992,24.211,22.687,31.387,23.546
US-ARb,hfss,24.87,27.141,29.616,27.383,29.214,36.48,33.622,32.233,40.369
US-ARc,hfss,23.211,25.092,27.899,25.695,27.434,34.402,32.68,31.44,39.199
US-Atq,hfss,37.86,32.17,31.4,32.047,35.425,30.908,45.167,37.307,39.583
US-Blo,hfss,22.193,22.618,21.442,35.994,35.064,30.495,32.613,37.912,41.589
US-CRT,hfss,21.781,21.113,16.922,17.992,18.643,17.304,23.894,25.724,23.913
US-Cop,hfss,25.632,26.823,24.372,32.247,36.566,35.732,31.307,47.501,42.582
US-GBT,hfss,27.341,38.998,29.094,32.215,44.234,37.107,25.173,43.31,37.65
US-GLE,hfss,25.025,33.355,25.088,26.318,34.578,31.149,18.215,34.043,28.869
US-Goo,hfss,25.596,17.018,19.138,15.769,14.693,15.423,35.204,31.012,26.636
US-Ha1,hfss,21.784,17.773,18.19,20.749,24.213,25.017,39.213,36.56,49.917
US-IB2,hfss,24.758,19.763,23.123,16.338,15.971,16.681,26.816,22.579,24.565
US-Ivo,hfss,33.329,24.312,34.119,27.313,30.121,34.221,33.0,26.213,40.948
US-KS1,hfss,25.378,8.7754,15.481,23.474,38.654,40.883,,,
US-KS2,hfss,22.255,14.127,13.858,15.381,38.283,37.093,,,
US-LWW,hfss,8.2882,10.212,9.1382,20.792,23.978,27.175,30.738,29.507,34.483
US-Lin,hfss,30.522,23.353,25.906,50.687,59.732,58.43,53.316,57.839,58.178
US-Los,hfss,30.952,21.624,23.466,28.465,28.22,26.973,25.436,32.377,30.069
US-Me1,hfss,37.848,34.624,35.172,36.073,42.199,38.044,40.499,52.622,44.895
US-Me2,hfss,27.995,17.987,20.036,18.234,22.197,23.082,28.196,30.559,25.787
US-Me3,hfss,22.023,14.414,16.074,15.779,24.21,24.022,23.285,32.049,23.977
US-Me4,hfss,21.556,27.425,27.08,37.971,44.276,45.397,30.494,46.648,41.657
US-Me5,hfss,17.845,11.805,15.778,15.962,26.696,21.211,21.584,32.424,24.996
US-Me6,hfss,22.048,10.313,11.609,9.5206,16.806,16.007,24.747,28.678,25.171
US-Myb,hfss,57.159,38.166,41.419,68.449,62.504,57.43,72.631,74.157,72.015
US-NR1,hfss,29.25,18.234,17.75,26.547,24.038,22.659,24.363,25.756,24.769
US-Ne1,hfss,26.422,21.346,26.757,32.567,27.777,35.264,35.957,30.046,34.941
US-Ne2,hfss,26.123,21.871,26.08,32.08,28.084,34.593,36.002,31.65,34.091
US-Ne3,hfss,20.574,17.438,21.005,26.75,22.993,28.517,32.515,29.95,31.121
US-ORv,hfss,24.981,16.924,23.153,14.861,12.236,16.031,29.467,28.944,33.716
US-Oho,hfss,24.22,19.437,22.814,26.702,25.564,24.162,35.454,35.257,35.384
US-PFa,hfss,28.425,17.871,19.091,26.752,26.46,24.722,20.963,29.696,25.075
US-Prr,hfss,21.343,16.059,30.972,21.562,15.746,29.149,18.096,19.284,28.118
US-SRC,hfss,19.015,20.729,11.032,19.435,28.801,24.968,23.61,27.751,27.961
US-SRG,hfss,19.304,23.809,23.656,20.123,34.775,37.826,20.824,31.643,33.995
US-SRM,hfss,16.105,14.675,12.121,11.677,19.167,19.406,21.259,18.923,21.974
US-Sta,hfss,38.449,55.562,48.95,42.889,59.807,57.666,36.573,60.117,56.802
US-Syv,hfss,28.117,18.83,22.53,25.147,21.61,22.831,23.835,31.25,28.594
US-Ton,hfss,13.169,19.546,19.575,16.491,16.736,13.828,25.403,30.191,30.861
US-Tw1,hfss,59.398,43.245,40.215,71.928,67.659,62.457,78.979,79.405,78.166
US-Tw2,hfss,55.996,56.003,68.201,62.199,63.039,73.998,72.082,73.011,74.796
US-Tw3,hfss,64.159,44.987,,79.195,73.353,,82.764,84.737,75.987
US-Tw4,hfss,63.534,43.583,,78.758,72.606,,82.277,84.062,75.374
US-Twt,hfss,75.733,57.653,58.563,85.698,80.804,74.644,91.551,91.607,88.833
US-UMB,hfss,28.992,23.667,25.663,22.539,22.912,17.75,20.071,21.252,22.031
US-UMd,hfss,31.691,26.022,28.745,20.443,18.657,16.89,25.457,27.073,27.53
US-Var,hfss,25.168,19.898,20.335,27.763,27.714,24.476,33.52,36.808,34.487
US-WCr,hfss,31.679,19.702,23.792,26.86,25.24,27.123,24.792,27.306,29.174
US-WPT,hfss,25.8,19.574,21.616,18.582,16.652,21.24,23.01,18.168,23.727
US-Whs,hfss,25.519,18.127,17.477,14.613,17.798,19.531,24.281,22.263,26.133
US-Wi0,hfss,20.044,13.113,16.924,26.134,22.258,19.978,18.246,39.265,22.16
US-Wi1,hfss,64.692,62.718,64.673,59.172,54.501,57.11,55.06,54.104,56.975
US-Wi2,hfss,39.738,41.076,39.078,33.677,29.994,30.798,31.731,33.608,35.254
US-Wi3,hfss,41.295,39.611,41.771,34.158,32.661,33.211,34.402,32.806,36.686
US-Wi4,hfss,23.573,24.972,21.485,21.819,21.066,18.39,21.029,24.877,22.217
US-Wi5,hfss,31.319,28.4,29.076,24.065,16.843,20.85,32.532,25.257,30.642
US-Wi6,hfss,18.089,19.125,17.648,19.972,16.824,17.792,21.273,38.584,24.512
US-Wi7,hfss,40.787,42.713,41.023,31.959,27.762,32.033,49.349,41.546,49.256
US-Wi8,hfss,59.372,56.508,60.628,48.077,45.344,49.591,50.975,44.808,55.527
US-Wi9,hfss,26.285,27.881,24.196,21.535,19.109,18.917,27.611,38.853,28.1
US-Wkg,hfss,18.814,13.506,12.365,11.519,19.414,22.792,19.452,23.436,26.434
ZM-Mon,hfss,35.343,35.137,36.979,45.52,49.12,47.427,43.568,40.517,43.709
AT-Neu,rsus,13.801,15.574,13.476,22.566,14.407,21.473,19.597,21.514,19.731
AU-ASM,rsus,8.2537,8.6427,7.5762,10.875,11.01,10.25,12.097,11.92,11.358
AU-Ade,rsus,4.2299,4.1835,3.3142,5.0299,4.7099,3.1716,7.7824,7.6987,4.3295
AU-Cpr,rsus,6.9937,6.6572,3.9469,5.9297,6.9826,4.2881,11.772,9.3626,8.2386
AU-Cum,rsus,13.289,9.1894,12.938,10.494,7.1033,9.6144,19.898,12.598,11.787
AU-DaP,rsus,9.479,11.112,12.545,9.1693,8.9738,11.074,9.7675,10.048,12.211
AU-DaS,rsus,5.3493,5.9338,5.9015,6.4517,6.9539,6.1168,5.69,5.6979,5.4757
AU-Dry,rsus,5.0137,6.1162,6.2049,6.6967,7.0861,6.4825,5.5887,6.2927,5.2429
AU-Emr,rsus,11.2,12.928,12.49,5.608,6.9261,8.3303,3.5978,4.8065,6.1809
AU-Fog,rsus,5.0032,5.3406,5.003,5.7449,5.4958,5.9908,,,
AU-GWW,rsus,3.3155,4.1591,,5.2503,4.3881,,6.0154,5.2734,6.6935
AU-Gin,rsus,4.9947,2.645,3.7125,2.984,3.2635,2.7246,20.676,19.085,18.106
AU-How,rsus,3.6016,4.6061,3.4864,3.1575,3.4901,4.0363,,,
AU-Lox,rsus,5.6119,5.5109,4.4239,3.8139,3.1628,2.7357,17.335,15.572,13.719
AU-RDF,rsus,6.6766,7.3233,5.6934,7.5358,6.5093,5.9076,7.4709,7.4141,8.6582
AU-Rig,rsus,11.697,13.037,10.66,16.784,19.786,16.331,8.4704,9.6591,12.223
AU-Rob,rsus,,,,5.8698,4.0821,,,,
AU-Stp,rsus,11.523,11.424,12.628,9.4699,10.601,10.549,7.6363,8.289,8.3682
AU-TTE,rsus,3.2476,3.7045,3.518,3.5366,3.8792,3.7333,4.0084,4.0081,4.7919
AU-Tum,rsus,6.6534,7.5497,6.1991,6.8466,7.0101,5.9022,8.5495,6.8721,9.2596
AU-Wac,rsus,18.266,13.855,16.176,17.63,14.638,14.951,18.154,16.957,15.292
AU-Whr,rsus,11.543,9.3639,10.48,9.0743,5.8296,6.5916,15.631,13.218,12.27
AU-Wom,rsus,12.73,8.4572,9.7075,10.697,8.0322,7.4956,14.73,13.099,11.468
AU-Ync,rsus,6.5246,7.1163,8.8498,3.2747,4.3566,5.8731,6.309,5.1445,5.6221
BE-Bra,rsus,12.049,7.1853,7.4096,15.828,11.451,10.84,,,
BE-Lon,rsus,5.9906,9.4153,8.6252,4.5574,6.4068,5.8472,5.2197,8.0675,8.671
BR-Sa3,rsus,4.1634,3.774,4.6786,5.233,5.5688,4.7298,6.2686,9.3465,5.8215
CA-Gro,rsus,7.8662,7.0864,5.5088,9.7536,7.7063,7.216,21.819,11.021,10.902
CA-NS1,rsus,11.65,10.925,9.7852,13.888,14.081,11.5,22.646,14.403,16.152
CA-NS2,rsus,11.371,11.34,9.6606,13.563,14.643,11.069,21.153,14.057,15.066
CA-NS3,rsus,6.6142,6.9879,5.3682,8.7212,9.9536,6.6379,18.587,11.378,10.771
CA-NS4,rsus,9.6023,10.157,11.831,7.055,7.415,8.4104,9.6139,6.12,6.6806
CA-NS5,rsus,5.4855,6.3119,5.2427,7.0151,8.6883,5.5663,16.675,8.4132,9.1832
CA-NS6,rsus,12.084,12.035,14.487,9.1125,8.6557,11.172,10.574,8.7364,9.675
CA-NS7,rsus,8.0275,8.1553,9.762,11.241,8.4864,13.557,14.796,10.197,12.106
CA-Oas,rsus,22.458,21.871,18.08,4.8248,5.996,4.9365,13.703,12.394,8.6393
CA-Obs,rsus,4.9379,5.0344,3.4428,8.9921,8.7533,6.8,23.482,21.38,17.692
CA-Qfo,rsus,12.838,11.453,8.9819,14.977,15.142,11.546,15.408,11.675,10.525
CA-SF1,rsus,2.5124,3.6654,2.8949,4.7112,4.6017,2.6522,16.067,11.231,9.178
CA-SF2,rsus,3.4077,5.2548,5.1243,3.3908,3.8128,3.3441,13.741,8.7979,8.0868
CA-SF3,rsus,3.0201,4.0242,4.7981,3.7109,2.6996,2.9991,16.809,13.696,10.084
CA-TP4,rsus,19.928,16.843,15.426,15.39,11.876,11.522,11.353,12.174,11.152
CA-TPD,rsus,15.513,15.032,11.766,9.0322,8.177,8.4746,4.5864,5.3496,5.4576
CH-Cha,rsus,9.3004,13.233,10.144,22.834,21.485,24.38,8.0324,10.727,13.282
CH-Dav,rsus,46.801,30.302,39.896,51.391,40.814,56.854,16.292,9.7399,9.3393
CH-Fru,rsus,17.064,11.107,10.968,12.407,11.832,14.71,18.089,19.489,19.858
CH-Oe1,rsus,12.076,14.713,15.436,8.9572,11.12,11.152,13.43,15.889,18.903
CN-Cng,rsus,7.5941,7.6572,7.9461,19.493,17.542,17.932,8.0563,6.6856,7.1744
CN-HaM,rsus,13.098,16.74,17.48,21.717,20.719,20.292,13.463,12.706,14.268
CZ-BK1,rsus,13.779,8.5239,9.4398,19.331,13.558,14.86,16.889,10.046,10.5
CZ-BK2,rsus,9.9079,14.509,13.913,9.8521,11.348,10.339,13.548,16.067,16.172
CZ-wet,rsus,9.1488,11.346,10.998,7.495,10.496,10.393,10.6,12.043,12.076
DE-Akm,rsus,4.8204,7.1723,6.1868,4.2367,5.6862,5.2311,5.9311,8.6648,8.8171
DE-Geb,rsus,7.4591,9.3646,9.0936,5.8323,8.4105,8.0316,8.33,9.7484,9.7624
DE-Gri,rsus,9.9645,14.391,13.68,6.5713,10.531,10.042,12.352,14.595,14.401
DE-Hai,rsus,8.208,8.9569,7.0067,6.9103,6.322,5.4741,4.1121,4.3246,3.6637
DE-Kli,rsus,12.291,15.246,13.043,8.5641,10.81,9.2446,14.599,16.248,16.229
DE-Lkb,rsus,19.8,21.916,18.998,20.094,22.129,18.777,26.405,27.852,27.459
DE-Lnf,rsus,7.7976,8.1808,5.8663,6.5713,5.1205,4.2096,3.556,3.9735,3.3951
DE-Obe,rsus,17.127,11.462,13.573,19.995,14.756,15.593,13.508,10.998,11.368
DE-RuR,rsus,13.469,18.553,17.943,12.712,17.429,16.98,13.187,16.626,17.253
DE-RuS,rsus,7.3119,12.06,15.192,6.5907,10.883,13.399,5.3773,8.6524,9.7005
DE-SfN,rsus,13.839,10.397,5.829,18.611,15.688,9.8661,14.116,10.349,12.962
DE-Spw,rsus,4.7367,4.7591,4.279,5.7885,4.2047,4.2733,3.9898,2.682,3.2031
DE-Tha,rsus,14.223,9.6714,9.4382,19.916,14.51,14.197,12.712,10.839,10.243
DE-Zrk,rsus,13.049,7.9692,,17.635,12.673,,12.698,8.6583,9.6837
DK-Sor,rsus,6.6526,5.8843,4.9387,7.1587,5.2041,4.0081,5.9768,4.8958,4.5459
FI-Hyy,rsus,5.0861,6.1455,4.8581,3.3551,3.4686,2.8043,11.602,6.7964,5.3047
FI-Jok,rsus,15.843,16.817,17.439,13.489,14.229,15.512,14.482,13.956,15.879
FI-Let,rsus,9.9658,10.505,8.7292,12.163,11.162,9.2899,12.121,9.5601,7.6709
FI-Lom,rsus,15.515,16.208,19.594,16.316,17.367,19.424,19.631,18.171,21.185
FR-Gri,rsus,6.4955,10.152,9.7575,5.9522,5.069,4.6153,10.966,12.539,11.221
FR-LBr,rsus,4.6695,3.3231,2.7799,4.3652,3.9923,2.9466,5.743,4.4249,3.8983
FR-Pue,rsus,4.7989,2.8305,2.3266,7.6645,4.7613,4.5658,3.9934,6.7211,5.4597
GF-Guy,rsus,10.949,9.0242,9.8734,10.748,8.2345,7.8658,9.6825,7.6491,7.1294
GH-Ank,rsus,11.986,11.443,9.8167,13.994,16.138,13.415,,,
GL-NuF,rsus,17.54,25.408,21.31,19.528,21.642,15.779,20.681,21.835,19.612
GL-ZaF,rsus,4.3167,7.1942,4.1371,26.839,19.831,25.89,,,
GL-ZaH,rsus,43.887,45.635,28.812,60.217,49.79,49.671,,,
IT-BCi,rsus,9.2083,10.695,10.168,10.036,10.772,9.7294,,,
IT-CA1,rsus,7.6727,8.168,9.8397,6.937,9.4475,10.151,,,
IT-CA2,rsus,9.4093,9.9086,6.7842,9.4882,11.512,9.6401,,,
IT-CA3,rsus,6.0774,4.2802,3.1196,3.373,4.511,5.0873,,,
IT-Col,rsus,6.0631,5.6518,6.1098,7.7153,6.5853,6.671,7.1615,8.3645,9.1531
IT-Isp,rsus,8.1855,5.3486,,17.368,9.5452,,9.354,7.7452,8.7162
IT-La2,rsus,12.097,8.114,8.1799,17.665,14.476,16.195,13.137,10.722,10.797
IT-Lav,rsus,16.215,10.751,11.252,21.747,17.517,17.692,16.517,13.406,13.081
IT-MBo,rsus,36.79,41.487,41.107,35.926,38.124,38.338,43.715,45.135,46.509
IT-Noe,rsus,11.224,9.116,8.2017,9.531,7.9878,8.2788,,,
IT-PT1,rsus,31.275,27.492,29.669,38.281,31.063,32.487,31.557,29.719,29.049
IT-Ren,rsus,25.206,14.881,19.572,38.765,24.809,36.744,16.654,13.704,13.21
IT-Ro1,rsus,6.8748,6.3812,4.9718,4.7688,3.5766,3.2789,,,
IT-Ro2,rsus,6.3046,6.2307,5.8418,3.2179,4.1313,3.5603,,,
IT-SR2,rsus,4.0317,2.9816,,6.383,5.2615,,,,
IT-SRo,rsus,8.1845,7.5599,6.5385,9.7901,8.1042,8.0781,,,
IT-Tor,rsus,34.876,46.907,42.774,37.417,48.887,44.681,61.778,62.547,64.851
JP-MBF,rsus,8.6922,9.5815,10.571,10.218,10.096,9.0084,13.451,11.38,14.958
JP-SMF,rsus,3.7541,2.4364,2.6565,4.6041,3.2246,2.8135,8.8424,6.3133,5.0231
MY-PSO,rsus,7.1857,5.3558,4.5903,10.369,8.9371,6.9449,10.802,9.1656,7.6418
NL-Hor,rsus,6.4647,8.7429,9.3077,3.6983,5.4974,6.2896,,,
NL-Loo,rsus,10.776,7.5429,6.7709,14.176,11.546,10.22,13.424,9.337,8.2953
RU-Che,rsus,19.861,16.624,26.712,16.115,17.056,26.952,29.883,22.301,30.412
RU-Cok,rsus,33.926,33.289,42.484,30.712,27.989,39.884,43.157,30.228,39.921
RU-Fyo,rsus,17.14,14.834,14.287,17.542,14.08,13.832,25.818,21.137,14.845
SJ-Adv,rsus,48.85,39.499,0.84317,59.86,42.46,0.84317,14.034,31.712,31.876
SJ-Blv,rsus,31.433,24.182,23.166,35.616,29.35,29.705,37.279,32.052,34.806
SN-Dhr,rsus,18.985,24.023,28.523,27.435,31.609,35.766,12.057,18.898,24.144
US-AR1,rsus,7.635,7.07,8.3098,6.9134,7.2101,7.0612,9.8759,9.88,9.2375
US-AR2,rsus,10.378,12.131,9.2745,12.527,13.208,12.103,15.707,15.845,14.97
US-ARM,rsus,9.0077,10.138,9.443,9.668,11.545,11.64,10.484,11.194,11.172
US-CRT,rsus,8.9815,9.4122,9.2398,7.6397,7.6384,8.3341,8.6344,9.6597,9.1754
US-Cop,rsus,17.598,14.513,11.759,21.354,19.999,18.046,25.929,23.93,24.471
US-GBT,rsus,18.14,19.243,18.468,19.326,19.5,18.321,19.566,18.994,19.895
US-GLE,rsus,24.599,16.632,19.944,30.401,27.248,26.768,19.08,17.671,20.535
US-Goo,rsus,11.44,13.125,12.211,9.3171,11.053,10.151,10.865,12.732,12.834
US-IB2,rsus,18.216,17.271,17.034,15.41,13.713,12.407,7.9241,8.6963,8.7681
US-Ivo,rsus,45.516,48.044,56.557,35.845,38.75,48.267,47.427,41.285,58.227
US-Los,rsus,38.441,40.467,44.117,37.845,39.996,43.143,40.351,38.696,42.975
US-Me2,rsus,4.5547,5.1059,4.3287,11.683,8.9389,8.3247,7.505,5.66,8.8327
US-Me3,rsus,3.564,7.6762,5.7544,12.128,8.3682,6.9123,7.3966,6.3131,9.4231
US-Me6,rsus,7.0855,7.7984,8.6102,7.8638,6.4118,5.8179,7.5396,7.0664,8.8049
US-NR1,rsus,14.022,13.776,14.906,20.606,14.154,13.027,13.73,13.636,15.149
US-Ne1,rsus,10.265,11.008,12.095,8.278,9.9171,11.74,13.743,12.407,13.149
US-Ne2,rsus,12.781,14.692,15.112,11.001,12.816,14.684,17.424,15.675,16.753
US-Ne3,rsus,12.03,13.799,14.273,9.7901,11.95,13.948,16.945,15.266,16.408
US-ORv,rsus,7.9101,4.7448,5.264,9.2357,6.9947,7.782,5.2605,4.5032,2.9044
US-Oho,rsus,14.094,10.653,11.563,18.739,13.899,12.718,5.9585,5.971,5.4555
US-Prr,rsus,6.2742,10.302,14.739,15.065,13.097,13.752,20.833,17.244,22.972
US-SRC,rsus,16.465,12.986,10.209,13.947,11.44,9.04,11.691,10.062,8.5368
US-SRG,rsus,22.987,19.982,15.61,21.19,18.633,15.204,19.189,17.408,16.077
US-SRM,rsus,8.6679,6.4511,4.517,7.5174,5.4656,4.4607,6.0899,4.7243,4.6107
US-Syv,rsus,15.955,15.286,10.289,3.6663,4.5046,3.2409,7.7349,10.416,8.3923
US-Tw1,rsus,7.6878,9.1203,6.394,5.6093,4.7143,7.8963,7.509,6.4396,6.5574
US-Tw2,rsus,7.3645,6.7559,5.6761,11.323,10.063,11.736,12.618,10.332,11.3
US-Tw3,rsus,19.079,16.594,,28.897,27.431,,30.677,26.64,24.74
US-Tw4,rsus,22.346,24.811,,13.685,15.274,,12.687,16.947,18.169
US-UMB,rsus,16.021,13.895,13.149,5.7814,6.3615,6.3545,6.2885,7.23,6.9826
US-UMd,rsus,14.285,12.463,13.589,6.4493,8.1876,8.9035,7.414,8.2248,9.6018
US-Var,rsus,16.751,14.891,15.784,23.378,21.785,23.117,26.479,23.342,23.572
US-WCr,rsus,10.175,10.838,8.6177,4.8252,6.2948,5.9361,8.5292,8.1523,10.873
US-WPT,rsus,14.692,11.96,12.772,13.805,9.9475,11.861,12.697,11.337,10.983
US-Whs,rsus,13.846,9.6494,8.2968,12.424,9.0875,7.834,10.368,8.5922,7.1363
US-Wkg,rsus,15.621,12.058,9.9507,14.526,11.608,10.884,12.732,11.085,9.6535
ZM-Mon,rsus,5.127,6.8379,8.717,6.6208,5.8876,6.64,10.819,17.383,15.099
AT-Neu,rlus,12.404,9.6876,9.6698,20.062,17.577,20.905,,,
AU-ASM,rlus,14.804,20.778,19.267,8.4947,10.659,10.599,,,
AU-Ade,rlus,8.8707,7.3352,10.942,9.0665,9.2886,10.136,,,
AU-Cpr,rlus,6.706,9.2987,9.0696,6.6127,5.1242,4.3396,,,
AU-Cum,rlus,3.8652,3.6765,4.2089,12.513,7.3798,4.3366,,,
AU-DaP,rlus,32.732,34.701,33.863,21.155,25.709,24.961,,,
AU-DaS,rlus,14.23,19.346,19.053,10.97,13.104,13.762,,,
AU-Dry,rlus,7.9208,8.2875,9.036,17.852,13.051,13.404,,,
AU-Emr,rlus,11.684,15.306,12.144,9.8115,10.661,9.1968,,,
AU-Fog,rlus,38.714,44.269,42.58,42.309,43.794,43.983,,,
AU-GWW,rlus,7.0958,12.102,,5.5643,3.628,,,,
AU-Gin,rlus,17.773,16.847,16.23,7.0655,5.0586,8.0469,,,
AU-How,rlus,25.546,31.513,19.637,26.64,30.469,19.373,,,
AU-Lox,rlus,34.639,44.629,40.712,22.147,29.413,28.344,,,
AU-RDF,rlus,10.906,20.808,21.23,11.675,14.798,16.945,,,
AU-Rig,rlus,12.001,16.057,12.459,25.546,24.966,28.197,,,
AU-Rob,rlus,,,,32.391,31.076,,,,
AU-Stp,rlus,11.48,16.096,13.357,9.5453,9.7928,10.081,,,
AU-TTE,rlus,6.7259,9.353,6.658,11.587,8.7645,5.0593,,,
AU-Tum,rlus,23.71,27.939,24.894,21.616,19.895,18.893,,,
AU-Wac,rlus,45.485,42.096,45.518,52.565,54.524,55.401,,,
AU-Whr,rlus,13.619,18.396,15.027,13.434,14.074,15.655,,,
AU-Wom,rlus,25.987,28.506,25.082,16.31,15.604,14.012,,,
AU-Ync,rlus,10.881,14.072,3.1535,3.2042,5.5419,2.9233,,,
BE-Bra,rlus,11.391,11.405,13.001,10.39,10.133,11.562,,,
BE-Lon,rlus,6.7018,7.5168,8.1639,3.4908,3.9983,5.0539,,,
BR-Sa3,rlus,8.8852,11.414,14.194,5.6682,6.7593,9.274,,,
CA-Gro,rlus,5.1428,7.3994,6.25,5.0051,5.9896,6.1301,,,
CA-Oas,rlus,9.2331,7.818,8.8126,6.7757,5.3305,5.5541,,,
CA-Obs,rlus,6.4518,6.0821,6.4453,7.8571,6.9151,7.6235,,,
CA-Qfo,rlus,5.8182,7.649,8.5325,5.3755,3.97,4.9183,,,
CA-SF1,rlus,6.1661,8.4629,8.6181,5.9016,5.1717,5.7384,,,
CA-SF2,rlus,4.691,6.749,6.7101,5.2491,4.3941,5.0719,,,
CA-SF3,rlus,3.0798,4.7038,4.7628,4.5309,4.0258,4.6725,,,
CA-TP4,rlus,12.314,10.71,12.062,4.8896,3.255,3.072,,,
CA-TPD,rlus,11.522,9.9364,11.904,4.8657,3.0252,3.5707,,,
CH-Cha,rlus,8.5761,11.164,11.883,23.216,30.405,29.837,,,
CH-Dav,rlus,12.061,6.2024,6.294,12.066,9.9191,14.645,,,
CH-Fru,rlus,14.01,9.2443,9.004,9.8346,16.173,15.651,,,
CH-Oe1,rlus,13.365,8.636,7.1907,22.318,22.041,20.013,,,
CN-Cng,rlus,6.9885,11.517,9.105,10.14,5.8039,7.4142,,,
CZ-BK1,rlus,16.689,18.525,19.43,15.785,17.624,20.04,,,
CZ-BK2,rlus,14.866,16.799,16.447,13.94,15.578,16.912,,,
CZ-wet,rlus,11.088,10.901,12.393,9.4164,10.565,11.436,,,
DE-Akm,rlus,9.8522,9.5462,9.8845,4.2501,4.8253,4.9974,,,
DE-Geb,rlus,5.3699,6.2642,6.8566,6.3451,5.1694,5.2679,,,
DE-Gri,rlus,17.719,16.806,18.055,7.6207,7.8862,9.1725,,,
DE-Hai,rlus,6.2819,8.3263,7.0955,3.7544,4.9597,5.4508,,,
DE-Kli,rlus,17.021,16.03,17.601,8.253,8.4548,9.7785,,,
DE-Lkb,rlus,22.7,24.877,26.301,15.886,17.273,18.272,,,
DE-Lnf,rlus,7.2266,9.7363,8.1435,3.9439,5.9017,6.2633,,,
DE-Obe,rlus,19.357,18.353,19.727,13.142,13.549,14.721,,,
DE-RuR,rlus,10.888,15.584,15.508,11.834,12.763,13.392,,,
DE-RuS,rlus,5.0894,7.0212,7.8673,4.9246,4.2261,5.8052,,,
DE-SfN,rlus,8.2257,5.3631,4.3113,4.6818,6.1909,6.086,,,
DE-Spw,rlus,7.3188,7.0683,8.7682,4.5078,4.1193,4.8014,,,
DE-Tha,rlus,11.873,10.928,11.897,6.5917,6.3835,6.6606,,,
DE-Zrk,rlus,5.7801,5.2169,,9.9885,9.8736,,,,
DK-Sor,rlus,8.297,7.5282,7.0339,3.2989,3.0788,3.08,,,
FI-Hyy,rlus,5.2126,7.3828,6.2447,3.7661,7.1844,5.2069,,,
FI-Lom,rlus,10.707,12.257,10.043,12.405,15.248,11.913,,,
FR-Gri,rlus,9.7269,9.1859,8.6423,20.844,19.358,17.903,,,
FR-LBr,rlus,9.8391,9.1417,9.4012,4.414,3.6197,5.7278,,,
FR-Pue,rlus,4.5276,11.544,5.8183,5.852,4.7845,4.6076,,,
GF-Guy,rlus,11.282,13.204,,5.9026,7.3822,,,,
GH-Ank,rlus,32.326,34.415,36.506,22.578,24.245,27.882,,,
IT-BCi,rlus,17.115,15.635,15.523,15.134,15.856,16.557,,,
IT-CA1,rlus,8.0505,9.0639,9.3267,20.686,13.506,11.513,,,
IT-CA2,rlus,7.806,7.0745,8.1558,25.633,18.804,16.975,,,
IT-CA3,rlus,12.909,15.355,17.679,12.779,6.1529,3.3341,,,
IT-Col,rlus,49.253,57.97,53.1,52.288,56.755,55.289,,,
IT-Isp,rlus,8.137,7.0137,,20.59,11.012,,,,
IT-La2,rlus,22.354,25.4,26.759,28.539,23.248,25.114,,,
IT-Lav,rlus,19.886,21.568,23.354,25.34,18.996,21.871,,,
IT-MBo,rlus,23.846,26.418,28.106,29.569,23.531,26.668,,,
IT-Noe,rlus,10.692,9.1909,7.6486,15.588,12.533,12.388,,,
IT-Ren,rlus,18.154,10.45,11.188,25.629,20.995,25.444,,,
IT-Ro1,rlus,25.156,29.588,27.448,18.11,20.597,19.566,,,
IT-Ro2,rlus,32.355,37.34,34.497,22.017,26.449,24.956,,,
IT-SR2,rlus,4.197,6.0065,,19.751,20.184,,,,
IT-SRo,rlus,11.106,13.576,12.882,13.711,15.351,13.336,,,
IT-Tor,rlus,12.613,20.73,19.784,13.217,19.204,18.624,,,
JP-MBF,rlus,18.139,20.714,20.286,10.856,15.935,14.53,,,
JP-SMF,rlus,10.515,4.0502,4.6337,11.499,10.91,11.603,,,
MY-PSO,rlus,12.228,14.661,16.648,3.222,3.7916,5.3365,,,
NL-Hor,rlus,7.6257,7.6869,7.7022,9.1772,8.5507,8.4069,,,
NL-Loo,rlus,5.674,7.0203,6.1153,3.9353,3.1486,3.4058,,,
RU-Che,rlus,8.3412,11.385,12.536,11.27,11.933,10.706,,,
RU-Cok,rlus,14.841,12.329,11.207,21.874,18.072,12.807,,,
RU-Fyo,rlus,7.6182,9.2298,9.4325,5.858,5.9308,6.1391,,,
SJ-Adv,rlus,23.312,23.279,6.754,30.403,25.96,10.664,,,
SJ-Blv,rlus,8.9544,10.752,10.469,19.144,14.337,9.3656,,,
US-AR1,rlus,8.195,8.4426,5.7163,17.955,16.605,13.3,,,
US-AR2,rlus,7.1435,7.5441,4.0837,16.055,15.572,11.848,,,
US-ARM,rlus,17.691,19.582,20.231,12.348,13.253,12.148,,,
US-CRT,rlus,6.8527,5.5915,5.8914,10.798,7.3588,8.0193,,,
US-GBT,rlus,35.294,41.955,41.08,32.662,36.962,36.833,,,
US-GLE,rlus,22.986,29.693,30.047,21.92,25.288,26.223,,,
US-Goo,rlus,16.527,18.968,18.947,7.92,7.1675,9.1075,,,
US-Ivo,rlus,12.345,14.301,15.966,14.968,10.298,10.296,,,
US-Los,rlus,5.0117,8.4222,,3.8199,3.9628,,,,
US-Me2,rlus,22.358,29.948,16.855,9.8345,13.83,13.124,,,
US-Me3,rlus,8.5329,16.715,8.4045,12.415,4.5685,4.7988,,,
US-Me6,rlus,9.2686,15.346,7.1801,11.743,6.7656,6.4699,,,
US-NR1,rlus,36.286,43.802,44.929,20.213,28.602,29.548,,,
US-Ne1,rlus,14.491,16.409,18.594,8.7292,9.168,11.543,,,
US-Ne2,rlus,13.785,15.586,17.779,8.7059,8.7279,11.059,,,
US-Ne3,rlus,13.601,15.406,17.503,7.963,8.313,10.509,,,
US-ORv,rlus,35.104,39.23,39.568,26.941,32.0,33.378,,,
US-Oho,rlus,8.2979,9.5752,10.639,8.5379,5.4662,6.1282,,,
US-Prr,rlus,11.823,8.8288,9.4704,9.7997,11.792,10.259,,,
US-SRC,rlus,17.923,10.547,8.3374,27.445,20.399,17.242,,,
US-SRG,rlus,11.785,20.494,21.778,11.133,9.7905,9.2004,,,
US-SRM,rlus,13.253,10.086,10.704,21.802,15.188,13.028,,,
US-Syv,rlus,7.2824,6.5438,7.2733,5.3409,6.7464,7.2386,,,
US-Tw1,rlus,35.848,25.396,38.808,12.761,12.817,14.158,,,
US-Tw2,rlus,32.998,22.696,35.892,14.584,14.01,15.214,,,
US-Tw3,rlus,36.925,26.834,,12.281,11.953,,,,
US-Tw4,rlus,26.747,17.793,,9.6153,11.029,,,,
US-UMB,rlus,8.1722,10.35,9.6429,4.4608,4.9384,4.6057,,,
US-UMd,rlus,13.355,14.24,12.529,14.02,14.302,13.533,,,
US-Var,rlus,10.4,10.857,8.0878,29.993,30.874,28.083,,,
US-WCr,rlus,6.1441,6.0628,6.2429,6.7168,7.2213,7.2329,,,
US-WPT,rlus,7.2932,4.955,4.8167,13.397,9.7063,9.4063,,,
US-Whs,rlus,10.045,8.8996,8.4268,19.648,16.179,12.728,,,
US-Wkg,rlus,9.1716,11.862,12.869,16.54,12.858,9.366,,,
ZM-Mon,rlus,24.512,31.215,36.7,12.154,15.78,17.398,,,
