longitude,latitude,weight
-72.5,-51.5,0.00230624
-68.5,-46.5,0.00347922
-70.5,-41.5,0.00161372
146.5,-41.5,0.00250927
175.5,-39.5,0.000995472
-62.5,-34.5,0.00271342
146.5,-34.5,0.00415883
149.5,-33.5,0.00307916
-57.5,-32.5,0.00443117
124.5,-32.5,0.0082629
27.5,-31.5,0.00250684
138.5,-30.5,0.00745486
-64.5,-27.5,0.0047299
-53.5,-26.5,0.00329348
126.5,-26.5,0.0134174
136.5,-26.5,0.00553214
150.5,-25.5,0.00691798
-68.5,-24.5,0.00125909
-62.5,-23.5,0.0031146
24.5,-23.5,0.00478095
-49.5,-22.5,0.00434051
126.5,-22.5,0.00930119
-66.5,-21.5,0.00280426
-41.5,-21.5,0.00305141
22.5,-19.5,0.00375776
138.5,-19.5,0.00788805
-62.5,-18.5,0.00192959
-51.5,-18.5,0.0073298
-66.5,-17.5,0.00271408
-61.5,-17.5,0.00321265
22.5,-17.5,0.00608423
125.5,-16.5,0.00784158
20.5,-13.5,0.00770436
32.5,-13.5,0.00718863
36.5,-12.5,0.00522706
-43.5,-11.5,0.00537201
-38.5,-11.5,0.000984992
-59.5,-10.5,0.00705462
-52.5,-10.5,0.00401215
-47.5,-8.5,0.00566844
17.5,-8.5,0.0063171
-37.5,-7.5,0.00218346
30.5,-7.5,0.00265317
37.5,-7.5,0.00207023
-69.5,-6.5,0.0137629
-78.5,-5.5,0.00282111
12.5,-5.5,0.00187443
-45.5,-4.5,0.00159217
140.5,-4.5,0.00294526
16.5,-3.5,0.00397828
21.5,-3.5,0.00706145
-69.5,-2.5,0.0122532
37.5,-2.5,0.00335948
-52.5,-1.5,0.00398224
31.5,-1.5,0.00119104
101.5,-1.5,0.00975492
-58.5,-0.5,0.00648287
-78.5,0.5,0.00218322
42.5,0.5,0.00208356
28.5,1.5,0.00797028
39.5,2.5,0.001794
-65.5,3.5,0.00478046
40.5,3.5,0.00258659
15.5,4.5,0.00526204
-70.5,5.5,0.00345863
-2.5,6.5,0.00564929
44.5,6.5,0.0027787
10.5,7.5,0.00712301
48.5,7.5,0.00157226
-71.5,8.5,0.00268066
14.5,8.5,0.003828
26.5,9.5,0.00636468
46.5,9.5,0.00175778
-6.5,10.5,0.00717139
25.5,10.5,0.00487798
77.5,12.5,0.00484452
-1.5,13.5,0.00475993
108.5,13.5,0.00270687
0.5,14.5,0.00589656
35.5,14.5,0.00268761
101.5,14.5,0.00578084
33.5,15.5,0.00124645
106.5,15.5,0.00513217
-4.5,16.5,0.00461584
43.5,16.5,0.00144007
6.5,17.5,0.00320345
-8.5,18.5,0.00700424
12.5,18.5,0.00275303
-13.5,19.5,0.00831945
5.5,19.5,0.0089581
81.5,19.5,0.00514733
105.5,20.5,0.00366976
96.5,21.5,0.00451199
11.5,22.5,0.00816502
-8.5,23.5,0.00689909
56.5,23.5,0.00349162
79.5,23.5,0.00627087
89.5,23.5,0.0028089
94.5,23.5,0.00555191
100.5,23.5,0.00145532
22.5,24.5,0.00501207
-6.5,25.5,0.00970533
71.5,25.5,0.00214113
102.5,25.5,0.00296973
77.5,26.5,0.00463539
116.5,26.5,0.00554154
-102.5,27.5,0.00518318
20.5,27.5,0.00542935
99.5,27.5,0.00184513
11.5,28.5,0.00844938
37.5,28.5,0.00366152
78.5,28.5,0.0039562
98.5,28.5,0.00165783
61.5,29.5,0.00400303
90.5,29.5,0.00204149
-99.5,30.5,0.00471561
-8.5,30.5,0.00212845
38.5,30.5,0.00323798
39.5,30.5,0.00433629
92.5,30.5,0.00270163
111.5,30.5,0.00584851
-112.5,31.5,0.00317595
82.5,31.5,0.00655965
98.5,31.5,0.00177861
-84.5,32.5,0.00646416
45.5,34.5,0.00259707
61.5,34.5,0.00335194
68.5,34.5,0.00127648
-117.5,35.5,0.00366302
-106.5,35.5,0.0051626
55.5,35.5,0.00333321
70.5,35.5,0.00121462
128.5,35.5,0.00418785
116.5,36.5,0.00389347
-88.5,37.5,0.00787674
37.5,37.5,0.00550728
73.5,37.5,0.000968416
88.5,37.5,0.00342424
-3.5,38.5,0.00402911
35.5,38.5,0.00542248
71.5,38.5,0.00093284
82.5,38.5,0.00437073
-102.5,39.5,0.00496358
56.5,39.5,0.00469029
95.5,39.5,0.00394332
114.5,39.5,0.00268785
-7.5,40.5,0.00388045
46.5,40.5,0.00471327
95.5,40.5,0.00493743
111.5,40.5,0.00321773
-89.5,41.5,0.00495027
-110.5,42.5,0.00455276
98.5,42.5,0.00346621
-98.5,43.5,0.00224295
-104.5,44.5,0.00619383
4.5,44.5,0.0065162
68.5,44.5,0.00523188
128.5,44.5,0.00393707
-75.5,45.5,0.003621
25.5,45.5,0.00776283
32.5,45.5,0.00885318
107.5,45.5,0.00493262
-79.5,46.5,0.00537924
44.5,46.5,0.00493529
79.5,46.5,0.00565687
110.5,47.5,0.00521012
130.5,47.5,0.00406148
-101.5,48.5,0.00598904
30.5,48.5,0.00750761
102.5,48.5,0.00304999
-88.5,49.5,0.00246267
67.5,49.5,0.0082002
139.5,49.5,0.00764
10.5,52.5,0.0103102
115.5,52.5,0.00532986
35.5,53.5,0.00873408
77.5,53.5,0.0070324
-89.5,54.5,0.00739012
-74.5,54.5,0.00594918
50.5,54.5,0.00998958
-110.5,55.5,0.0109079
-96.5,55.5,0.00844257
135.5,55.5,0.00449378
-156.5,60.5,0.00657818
38.5,60.5,0.00744227
118.5,60.5,0.00514887
65.5,61.5,0.0160857
25.5,62.5,0.00728836
112.5,62.5,0.00556711
160.5,62.5,0.00748425
-93.5,63.5,0.00806195
-155.5,65.5,0.00895414
-51.5,65.5,0.00135455
70.5,65.5,0.00770273
109.5,66.5,0.0100268
23.5,67.5,0.00963531
161.5,67.5,0.010132
171.5,68.5,0.0122726
-107.5,70.5,0.00178583
85.5,71.5,0.00657033
